{
  "canvas": {
    "width": 1600,
    "height": 1000
  },
  "grid_bounds": {
    "x0": 288,
    "y0": 12,
    "x1": 1588,
    "y1": 840
  },
  "title": {
    "text": "Summer Fashion Outfit",
    "strip": [
      0,
      0,
      288,
      1000
    ],
    "side": "left"
  },
  "palette": {
    "side": "bottom",
    "strip": [
      288,
      840,
      1588,
      1000
    ],
    "colors": [
      [
        219,
        209,
        199
      ],
      [
        183,
        150,
        127
      ],
      [
        91,
        136,
        174
      ],
      [
        111,
        90,
        63
      ],
      [
        41,
        44,
        27
      ]
    ]
  },
  "images": [
    {
      "filename": "image_0.png",
      "w": 202,
      "h": 360,
      "scale": 1.3375845898265324,
      "x": 567.3487785066109,
      "y": 325.30455309921655,
      "target_x": 744.048828125,
      "target_y": 343.198486328125,
      "avg_colors": [
        [
          0,
          0,
          0
        ],
        [
          0,
          0,
          0
        ],
        [
          0,
          0,
          0
        ],
        [
          0,
          0,
          0
        ]
      ],
      "neighbors": null,
      "shape": "rectangle"
    },
    {
      "filename": "image_1.png",
      "w": 239,
      "h": 360,
      "scale": 1.4051078386408073,
      "x": 754.8210731840677,
      "y": 308.94369544245114,
      "target_x": 740.2864379882812,
      "target_y": 326.22442626953125,
      "avg_colors": [
        [
          0,
          0,
          0
        ],
        [
          0,
          0,
          0
        ],
        [
          0,
          0,
          0
        ],
        [
          0,
          0,
          0
        ]
      ],
      "neighbors": null,
      "shape": "oval"
    },
    {
      "filename": "image_2.png",
      "w": 360,
      "h": 360,
      "scale": 1.2463563838128109,
      "x": 1133.694607784989,
      "y": 3.868203338768952,
      "target_x": 1169.2568359375,
      "target_y": 135.25350952148438,
      "avg_colors": [
        [
          0,
          0,
          0
        ],
        [
          0,
          0,
          0
        ],
        [
          0,
          0,
          0
        ],
        [
          0,
          0,
          0
        ]
      ],
      "neighbors": null,
      "shape": "rectangle"
    },
    {
      "filename": "image_3.png",
      "w": 240,
      "h": 360,
      "scale": 1.2167348981852826,
      "x": 285.37684156692626,
      "y": 47.89596940133452,
      "target_x": 305.7452392578125,
      "target_y": 27.620025634765625,
      "avg_colors": [
        [
          0,
          0,
          0
        ],
        [
          0,
          0,
          0
        ],
        [
          0,
          0,
          0
        ],
        [
          0,
          0,
          0
        ]
      ],
      "neighbors": null,
      "shape": "oval"
    },
    {
      "filename": "image_4.png",
      "w": 257,
      "h": 360,
      "scale": 1.353364395778343,
      "x": 1073.982062600361,
      "y": 382.47876785569036,
      "target_x": 827.195068359375,
      "target_y": 455.5764465332031,
      "avg_colors": [
        [
          0,
          0,
          0
        ],
        [
          0,
          0,
          0
        ],
        [
          0,
          0,
          0
        ],
        [
          0,
          0,
          0
        ]
      ],
      "neighbors": null,
      "shape": "circle"
    }
  ]
}